OBJECTID,LABELANGLE,Cnt_LABELANGLE
-1,0.000000000000000,13024
-1,90.000000000000000,5