OBJECTID,OID_1,Cnt_OID_1
-1,-9999.000000000000000,12726
-1,0.000000000000000,303