OBJECTID,STATEL,Cnt_STATEL
-1,0.000000000000000,1
-1,25.000000000000000,1
-1,26.000000000000000,13025
-1,2626.000000000000000,1
-1,49423.000000000000000,1