OBJECTID,STATER,Cnt_STATER
-1,0.000000000000000,1
-1,5.000000000000000,1
-1,25.000000000000000,1
-1,26.000000000000000,13026